onset	duration	trial_type
81.639643889328	0	OcclusionStart
381.57968345793233	0	OcclusionStop
1041.1850272028623	0	MVC
1116.3645454872603	0	MVC
1202.2602801904995	0	MVC
1438.9330599044024	0	Con50
1589.4801002700206	0	Con50
1725.3988452105914	0	Con50
2058.4795719266185	0	Con30
2187.7521826455013	0	Con30
2319.2948392089856	0	Con30
2572.3439496503015	0	MVC
